contract_id,vendor_name,category,contract_value,post_date,award_date,ministry,location,processing_days
GEM/2024/5000,Bharat Electronics Limited,Consulting Services,1976254.911986179,2025-05-10,2025-06-06,Ministry of Health,Ahmedabad,27
GEM/2024/5001,Wipro Limited,Cloud Services,1047310.176734318,2025-10-28,2025-11-27,Ministry of Transport,Mumbai,30
GEM/2024/5002,Adani Enterprises,Cloud Services,75441493.98957038,2025-04-12,2025-07-03,Ministry of Transport,Jaipur,82
GEM/2024/5003,Medium Enterprise Solutions,Consulting Services,1353216.0983784047,2024-12-31,2025-02-17,Ministry of Education,Pune,48
GEM/2024/5004,Reliance Industries,Digital Transformation,1173551.0814928317,2025-03-17,2025-04-13,Ministry of Defence,Chennai,27
GEM/2024/5005,Adani Enterprises,Network Security,1716076.8066053817,2024-11-16,2024-12-01,Ministry of Defence,Chennai,15
GEM/2024/5006,Wipro Limited,IT Infrastructure,2621330.6657976685,2025-07-24,2025-09-15,Ministry of Education,Mumbai,53
GEM/2024/5007,Larsen & Toubro Infotech,Hardware Procurement,399872.98719360493,2024-11-04,2024-11-16,Ministry of Finance,Mumbai,12
GEM/2024/5008,ITC Limited,Network Security,1496498.069185477,2025-06-05,2025-08-12,Ministry of Transport,Mumbai,68
GEM/2024/5009,Reliance Industries,Training & Development,2904468.6970183565,2025-08-09,2025-09-10,Ministry of Transport,New Delhi,32
GEM/2024/5010,Public Sector Undertaking IT,Consulting Services,1151370.1173006617,2025-03-18,2025-06-20,Ministry of Electronics & IT,Ahmedabad,94
GEM/2024/5011,Adani Enterprises,Digital Transformation,913189.859989272,2025-08-18,2025-08-29,Ministry of Defence,Jaipur,11
GEM/2024/5012,Tech Mahindra,Consulting Services,490737.5865042261,2025-01-03,2025-04-07,Ministry of Education,Ahmedabad,94
GEM/2024/5013,Wipro Limited,Network Security,1075194.5495476522,2024-12-07,2025-02-16,Ministry of Finance,Bangalore,71
GEM/2024/5014,Reliance Industries,Consulting Services,1726135.4184399396,2025-10-27,2025-11-29,Ministry of Electronics & IT,Chennai,33
GEM/2024/5015,Bharat Electronics Limited,Digital Transformation,5598652.862319225,2025-06-12,2025-09-27,Ministry of Transport,Chennai,107
GEM/2024/5016,Adani Enterprises,Training & Development,1377462.8210429207,2025-08-13,2025-10-24,Ministry of Transport,Hyderabad,72
GEM/2024/5017,HCL Technologies,Digital Transformation,2209086.549429021,2025-02-18,2025-04-09,Ministry of Education,Jaipur,50
GEM/2024/5018,Reliance Industries,Consulting Services,595970.772921448,2025-03-03,2025-05-25,Ministry of Finance,Ahmedabad,83
GEM/2024/5019,Tata Consultancy Services,Consulting Services,866604.389439156,2025-09-16,2025-10-29,Ministry of Defence,Ahmedabad,43
GEM/2024/5020,Tata Consultancy Services,IT Infrastructure,1023475.0312549635,2025-06-23,2025-08-20,Ministry of Defence,Chennai,58
GEM/2024/5021,Wipro Limited,IT Infrastructure,1801357.0524028132,2025-08-24,2025-09-01,Ministry of Transport,New Delhi,8
GEM/2024/5022,Tech Mahindra,Cloud Services,26840627.98880001,2025-03-08,2025-03-16,Ministry of Education,Pune,8
GEM/2024/5023,Public Sector Undertaking IT,Cloud Services,1697899.2932333557,2025-03-05,2025-03-28,Ministry of Transport,Chennai,23
GEM/2024/5024,Reliance Industries,Cloud Services,1149223.833076008,2025-03-26,2025-07-07,Ministry of Transport,Bangalore,103
GEM/2024/5025,Public Sector Undertaking IT,Consulting Services,1493953.8084563313,2025-10-14,2025-12-26,Ministry of Education,Pune,73
GEM/2024/5026,Tata Consultancy Services,Training & Development,2056129.7928486003,2025-10-06,2026-01-24,Ministry of Electronics & IT,Mumbai,110
GEM/2024/5027,Bharat Electronics Limited,Training & Development,481811.90040259395,2025-08-27,2025-12-10,Ministry of Education,New Delhi,105
GEM/2024/5028,Small Scale Vendor Pvt Ltd,Digital Transformation,869356.917632532,2024-12-09,2025-01-16,Ministry of Electronics & IT,Jaipur,38
GEM/2024/5029,Wipro Limited,Hardware Procurement,978849.5993565873,2025-09-02,2025-11-27,Ministry of Finance,Ahmedabad,86
GEM/2024/5030,National IT Services,Software Development,2824940.291239535,2025-02-09,2025-03-12,Ministry of Finance,Mumbai,31
GEM/2024/5031,National IT Services,Training & Development,7192819.950501114,2025-04-14,2025-07-09,Ministry of Education,New Delhi,86
GEM/2024/5032,Tata Consultancy Services,IT Infrastructure,1196777.4634468674,2025-03-17,2025-05-29,Ministry of Education,Bangalore,73
GEM/2024/5033,Digital India Corp,Cloud Services,819686.0611962251,2024-11-24,2025-03-20,Ministry of Finance,Bangalore,116
GEM/2024/5034,Medium Enterprise Solutions,IT Infrastructure,1585944.6783556654,2025-08-15,2025-11-26,Ministry of Transport,Bangalore,103
GEM/2024/5035,Tata Consultancy Services,Network Security,2750197.400416048,2025-05-13,2025-07-07,Ministry of Finance,Bangalore,55
GEM/2024/5036,HCL Technologies,Network Security,2204760.32122761,2025-05-09,2025-08-20,Ministry of Electronics & IT,Bangalore,103
GEM/2024/5037,Public Sector Undertaking IT,Cloud Services,172089.5751948867,2025-08-10,2025-11-30,Ministry of Defence,Bangalore,112
GEM/2024/5038,Infosys Limited,Software Development,496899.2477975507,2025-10-10,2025-11-08,Ministry of Defence,New Delhi,29
GEM/2024/5039,Bharat Electronics Limited,Digital Transformation,1402441.3620929178,2025-08-28,2025-10-21,Ministry of Defence,Bangalore,54
GEM/2024/5040,National IT Services,Hardware Procurement,2319349.5342534664,2025-09-11,2025-10-23,Ministry of Electronics & IT,Ahmedabad,42
GEM/2024/5041,Wipro Limited,Digital Transformation,286100.71570515516,2025-03-24,2025-06-14,Ministry of Education,Mumbai,82
GEM/2024/5042,National IT Services,Cloud Services,40599469.39318666,2025-01-04,2025-03-13,Ministry of Defence,Lucknow,68
GEM/2024/5043,Larsen & Toubro Infotech,Network Security,5873081.074037193,2025-09-24,2025-10-15,Ministry of Electronics & IT,Ahmedabad,21
GEM/2024/5044,National IT Services,Hardware Procurement,588125.8830222713,2025-05-17,2025-05-29,Ministry of Finance,Bangalore,12
GEM/2024/5045,National IT Services,Software Development,2372839.1481271596,2025-09-06,2025-09-28,Ministry of Education,Lucknow,22
GEM/2024/5046,Bharat Electronics Limited,Network Security,3429824.816719001,2025-02-02,2025-04-07,Ministry of Defence,Kolkata,64
GEM/2024/5047,Medium Enterprise Solutions,Network Security,641413.909732806,2025-03-09,2025-03-24,Ministry of Electronics & IT,Lucknow,15
GEM/2024/5048,Reliance Industries,Maintenance & Support,1071453.3866713413,2025-02-28,2025-04-23,Ministry of Transport,Kolkata,54
GEM/2024/5049,Public Sector Undertaking IT,Network Security,2762671.148164722,2025-05-10,2025-08-27,Ministry of Finance,Pune,109
GEM/2024/5050,National IT Services,Network Security,1311347.5289338229,2025-01-27,2025-03-31,Ministry of Electronics & IT,Chennai,63
GEM/2024/5051,Tech Mahindra,Digital Transformation,664717.4004186271,2025-06-08,2025-09-12,Ministry of Education,New Delhi,96
GEM/2024/5052,HCL Technologies,Consulting Services,477273864.7389665,2025-02-10,2025-03-22,Ministry of Defence,New Delhi,40
GEM/2024/5053,ITC Limited,Digital Transformation,730579.5317607628,2024-11-06,2024-11-28,Ministry of Defence,New Delhi,22
GEM/2024/5054,Medium Enterprise Solutions,IT Infrastructure,1696483.490074171,2025-04-29,2025-06-09,Ministry of Electronics & IT,Bangalore,41
GEM/2024/5055,Tata Consultancy Services,IT Infrastructure,3036549.9464792046,2025-07-28,2025-10-09,Ministry of Defence,Mumbai,73
GEM/2024/5056,National IT Services,Software Development,1342843.0166765754,2025-01-31,2025-02-14,Ministry of Health,Jaipur,14
GEM/2024/5057,Small Scale Vendor Pvt Ltd,Maintenance & Support,782285.1649765507,2025-09-12,2026-01-05,Ministry of Education,Jaipur,115
GEM/2024/5058,Tata Consultancy Services,Consulting Services,640688.8103412638,2025-05-13,2025-08-26,Ministry of Education,Mumbai,105
GEM/2024/5059,Bharat Electronics Limited,Network Security,2889964.1349286675,2025-02-06,2025-03-08,Ministry of Education,New Delhi,30
GEM/2024/5060,Tata Consultancy Services,Hardware Procurement,3776739.145895603,2025-08-15,2025-09-07,Ministry of Electronics & IT,Hyderabad,23
GEM/2024/5061,HCL Technologies,Training & Development,2835885.1220763717,2024-11-21,2025-01-15,Ministry of Health,Jaipur,55
GEM/2024/5062,Tech Mahindra,Network Security,1663054.2052265326,2025-10-07,2026-02-01,Ministry of Health,Jaipur,117
GEM/2024/5063,Reliance Industries,Digital Transformation,1055850.2723332385,2024-12-25,2025-01-23,Ministry of Transport,Kolkata,29
GEM/2024/5064,Bharat Electronics Limited,Software Development,597705.4911523465,2025-03-15,2025-04-25,Ministry of Education,Jaipur,41
GEM/2024/5065,Bharat Electronics Limited,Maintenance & Support,1192047.474904327,2025-07-13,2025-10-29,Ministry of Defence,Jaipur,108
GEM/2024/5066,Wipro Limited,Maintenance & Support,2103491.629352572,2025-04-16,2025-05-30,Ministry of Transport,New Delhi,44
GEM/2024/5067,Reliance Industries,Hardware Procurement,2877814.1591533637,2025-03-27,2025-06-12,Ministry of Education,Hyderabad,77
GEM/2024/5068,Adani Enterprises,Consulting Services,1020838.3266191094,2025-04-18,2025-07-24,Ministry of Finance,Bangalore,97
GEM/2024/5069,Digital India Corp,Hardware Procurement,7731226.334650829,2025-07-02,2025-10-08,Ministry of Education,Ahmedabad,98
GEM/2024/5070,Reliance Industries,IT Infrastructure,1660648.1905274624,2025-10-16,2025-12-23,Ministry of Electronics & IT,Ahmedabad,68
GEM/2024/5071,Adani Enterprises,Network Security,525848.8307735635,2025-02-27,2025-03-11,Ministry of Finance,Kolkata,12
GEM/2024/5072,Digital India Corp,IT Infrastructure,1931152.2196173356,2025-06-23,2025-08-17,Ministry of Transport,Hyderabad,55
GEM/2024/5073,Reliance Industries,Maintenance & Support,1269775.3816357118,2025-03-26,2025-06-27,Ministry of Finance,Ahmedabad,93
GEM/2024/5074,Adani Enterprises,Software Development,281292.55871472263,2025-01-31,2025-02-14,Ministry of Education,Kolkata,14
GEM/2024/5075,Larsen & Toubro Infotech,IT Infrastructure,2633979.5856013815,2025-05-13,2025-06-15,Ministry of Electronics & IT,New Delhi,33
GEM/2024/5076,National IT Services,Cloud Services,6768212.837766462,2024-12-18,2025-01-28,Ministry of Defence,Bangalore,41
GEM/2024/5077,Infosys Limited,Maintenance & Support,270329.9788296785,2025-09-01,2025-10-02,Ministry of Finance,Mumbai,31
GEM/2024/5078,Public Sector Undertaking IT,IT Infrastructure,350904.4462535999,2025-01-06,2025-01-30,Ministry of Health,Kolkata,24
GEM/2024/5079,Small Scale Vendor Pvt Ltd,IT Infrastructure,1453645.2426907246,2025-06-07,2025-09-07,Ministry of Transport,New Delhi,92
GEM/2024/5080,Medium Enterprise Solutions,IT Infrastructure,103542.28911126994,2025-09-09,2025-09-21,Ministry of Transport,Kolkata,12
GEM/2024/5081,Tech Mahindra,Network Security,488310.22085371654,2024-11-25,2025-03-12,Ministry of Defence,Lucknow,107
GEM/2024/5082,National IT Services,Hardware Procurement,311538.4507708538,2024-11-03,2024-12-30,Ministry of Finance,New Delhi,57
GEM/2024/5083,Medium Enterprise Solutions,Maintenance & Support,635879.5692863922,2025-08-17,2025-09-26,Ministry of Defence,Lucknow,40
GEM/2024/5084,Larsen & Toubro Infotech,Network Security,5672565.120029323,2025-07-28,2025-10-07,Ministry of Finance,Jaipur,71
GEM/2024/5085,Bharat Electronics Limited,Network Security,1350080.3056240538,2025-07-15,2025-09-06,Ministry of Transport,Mumbai,53
GEM/2024/5086,Public Sector Undertaking IT,Consulting Services,1473444.6958479618,2025-10-06,2025-11-11,Ministry of Defence,Chennai,36
GEM/2024/5087,Bharat Electronics Limited,Consulting Services,1263723.0571152056,2025-10-03,2025-11-08,Ministry of Electronics & IT,Kolkata,36
GEM/2024/5088,ITC Limited,Network Security,989870.8292791685,2025-08-02,2025-10-31,Ministry of Defence,Hyderabad,90
GEM/2024/5089,Small Scale Vendor Pvt Ltd,Consulting Services,4973691.990599093,2025-05-26,2025-09-16,Ministry of Electronics & IT,Pune,113
GEM/2024/5090,Wipro Limited,Consulting Services,1735139.282253406,2025-05-05,2025-06-05,Ministry of Health,Mumbai,31
GEM/2024/5091,Tech Mahindra,Network Security,469827.18457285955,2024-12-23,2025-01-17,Ministry of Defence,Lucknow,25
GEM/2024/5092,Digital India Corp,Training & Development,1080538.0181870642,2024-12-06,2025-01-30,Ministry of Defence,Jaipur,55
GEM/2024/5093,ITC Limited,IT Infrastructure,427093.2607359512,2025-06-04,2025-09-29,Ministry of Defence,Chennai,117
GEM/2024/5094,Public Sector Undertaking IT,Maintenance & Support,2222552.126400025,2025-05-28,2025-07-20,Ministry of Finance,Lucknow,53
GEM/2024/5095,Infosys Limited,Maintenance & Support,2565099.199343843,2025-01-19,2025-04-23,Ministry of Health,Pune,94
GEM/2024/5096,Wipro Limited,Consulting Services,2861478.6604743623,2025-08-03,2025-09-16,Ministry of Electronics & IT,Pune,44
GEM/2024/5097,Reliance Industries,IT Infrastructure,1926155.9354220538,2025-05-23,2025-07-07,Ministry of Finance,Lucknow,45
GEM/2024/5098,Adani Enterprises,Consulting Services,252582.72192211478,2024-11-27,2025-02-09,Ministry of Electronics & IT,Mumbai,74
GEM/2024/5099,Infosys Limited,Maintenance & Support,1478723.0407498311,2025-02-21,2025-05-24,Ministry of Electronics & IT,Bangalore,92
GEM/2024/5100,Small Scale Vendor Pvt Ltd,Maintenance & Support,262215.9713002415,2025-09-18,2025-12-31,Ministry of Health,Hyderabad,104
GEM/2024/5101,Larsen & Toubro Infotech,Network Security,386209.2123378301,2025-08-18,2025-10-16,Ministry of Finance,Hyderabad,59
GEM/2024/5102,Public Sector Undertaking IT,Maintenance & Support,627411.2030419176,2025-09-16,2025-12-25,Ministry of Electronics & IT,Pune,100
GEM/2024/5103,Tech Mahindra,Hardware Procurement,738868.0384328126,2024-12-03,2025-01-18,Ministry of Finance,Mumbai,46
GEM/2024/5104,Wipro Limited,Training & Development,130823458.59719898,2025-02-04,2025-05-23,Ministry of Defence,Ahmedabad,108
GEM/2024/5105,Tech Mahindra,Cloud Services,1390541.8652887729,2025-04-24,2025-06-13,Ministry of Defence,Hyderabad,50
GEM/2024/5106,Tata Consultancy Services,Cloud Services,484226.0150049918,2025-03-22,2025-05-14,Ministry of Transport,Chennai,53
GEM/2024/5107,Larsen & Toubro Infotech,Software Development,2277579.1256449465,2025-07-19,2025-08-27,Ministry of Defence,Kolkata,39
GEM/2024/5108,Tata Consultancy Services,Training & Development,3289653.536739746,2025-02-11,2025-05-01,Ministry of Health,Ahmedabad,79
GEM/2024/5109,Tata Consultancy Services,Network Security,675432.2467588903,2025-02-04,2025-05-16,Ministry of Finance,Mumbai,101
GEM/2024/5110,Wipro Limited,IT Infrastructure,1743048.018340351,2025-01-17,2025-05-02,Ministry of Finance,Ahmedabad,105
GEM/2024/5111,Medium Enterprise Solutions,Consulting Services,657378.2227181912,2025-06-19,2025-07-09,Ministry of Transport,Kolkata,20
GEM/2024/5112,National IT Services,Training & Development,2070877.8406686883,2025-03-14,2025-06-17,Ministry of Defence,Ahmedabad,95
GEM/2024/5113,Wipro Limited,Cloud Services,3385191.1318116747,2025-02-14,2025-03-06,Ministry of Electronics & IT,Pune,20
GEM/2024/5114,ITC Limited,Consulting Services,8868795.42937065,2025-09-07,2025-12-26,Ministry of Health,Hyderabad,110
GEM/2024/5115,Adani Enterprises,Hardware Procurement,247825.275528595,2025-04-30,2025-07-17,Ministry of Transport,New Delhi,78
GEM/2024/5116,Tata Consultancy Services,Network Security,3159492.6155113056,2024-12-10,2025-02-11,Ministry of Health,Pune,63
GEM/2024/5117,Infosys Limited,Network Security,1305445.436503368,2025-05-17,2025-08-17,Ministry of Health,Lucknow,92
GEM/2024/5118,ITC Limited,Hardware Procurement,3394068.625614303,2025-06-18,2025-10-11,Ministry of Transport,Ahmedabad,115
GEM/2024/5119,Medium Enterprise Solutions,Software Development,722146.7132254811,2024-12-19,2025-03-03,Ministry of Health,Bangalore,74
GEM/2024/5120,Small Scale Vendor Pvt Ltd,Maintenance & Support,1818340.63330627,2025-01-10,2025-02-05,Ministry of Finance,Hyderabad,26
GEM/2024/5121,Digital India Corp,Maintenance & Support,7856060.362134925,2025-09-01,2025-12-06,Ministry of Finance,Mumbai,96
GEM/2024/5122,HCL Technologies,Network Security,981810.6817708925,2025-10-24,2026-02-19,Ministry of Transport,Ahmedabad,118
GEM/2024/5123,Adani Enterprises,Training & Development,1260369.430736251,2025-02-02,2025-03-11,Ministry of Finance,Bangalore,37
GEM/2024/5124,Tech Mahindra,Network Security,1445380.767742713,2025-07-17,2025-09-07,Ministry of Defence,Chennai,52
GEM/2024/5125,Public Sector Undertaking IT,Cloud Services,1329210.138002741,2025-09-11,2025-09-18,Ministry of Health,Ahmedabad,7
GEM/2024/5126,Reliance Industries,Network Security,246864.10424517927,2025-05-23,2025-07-20,Ministry of Defence,Jaipur,58
GEM/2024/5127,Adani Enterprises,Cloud Services,4952894.952642154,2025-07-04,2025-08-04,Ministry of Defence,Pune,31
GEM/2024/5128,Larsen & Toubro Infotech,Maintenance & Support,4282834.20818559,2025-11-01,2025-12-28,Ministry of Electronics & IT,Pune,57
GEM/2024/5129,Tata Consultancy Services,Cloud Services,530473.7652600334,2025-10-12,2025-11-20,Ministry of Defence,Mumbai,39
GEM/2024/5130,Larsen & Toubro Infotech,Cloud Services,434872.35466357996,2025-04-28,2025-05-24,Ministry of Education,Ahmedabad,26
GEM/2024/5131,National IT Services,Digital Transformation,2016087.4972557453,2025-07-17,2025-10-27,Ministry of Health,Ahmedabad,102
GEM/2024/5132,ITC Limited,Consulting Services,1072127.961453769,2025-08-15,2025-09-06,Ministry of Defence,New Delhi,22
GEM/2024/5133,Larsen & Toubro Infotech,IT Infrastructure,1404281.8953745014,2025-04-26,2025-07-07,Ministry of Defence,Hyderabad,72
GEM/2024/5134,Wipro Limited,Consulting Services,841943.2652835929,2024-12-27,2025-04-15,Ministry of Finance,Mumbai,109
GEM/2024/5135,Medium Enterprise Solutions,Software Development,1526207.2010616907,2025-01-28,2025-03-30,Ministry of Transport,Ahmedabad,61
GEM/2024/5136,Wipro Limited,Consulting Services,35053984.100626744,2025-06-29,2025-10-14,Ministry of Electronics & IT,Ahmedabad,107
GEM/2024/5137,Digital India Corp,Maintenance & Support,388849.7218400166,2025-02-06,2025-05-11,Ministry of Finance,Chennai,94
GEM/2024/5138,Tata Consultancy Services,Digital Transformation,221180.37526776732,2025-09-28,2025-10-11,Ministry of Transport,Bangalore,13
GEM/2024/5139,Medium Enterprise Solutions,Software Development,488681.9338546789,2024-12-08,2025-01-12,Ministry of Defence,New Delhi,35
GEM/2024/5140,Bharat Electronics Limited,Hardware Procurement,713028.7202786916,2025-05-16,2025-08-17,Ministry of Transport,Kolkata,93
GEM/2024/5141,Infosys Limited,Network Security,3433220.245676784,2025-06-12,2025-06-27,Ministry of Education,Bangalore,15
GEM/2024/5142,Digital India Corp,Training & Development,3178190.889423277,2025-05-30,2025-08-25,Ministry of Defence,Jaipur,87
GEM/2024/5143,Small Scale Vendor Pvt Ltd,Hardware Procurement,1165944.1539844398,2025-07-06,2025-08-03,Ministry of Defence,Lucknow,28
GEM/2024/5144,Tech Mahindra,Hardware Procurement,1618980.1612032433,2025-09-24,2025-10-18,Ministry of Electronics & IT,Hyderabad,24
GEM/2024/5145,Larsen & Toubro Infotech,Digital Transformation,2241822.7743260213,2025-04-16,2025-05-17,Ministry of Transport,Lucknow,31
GEM/2024/5146,Infosys Limited,Training & Development,786843.3297113514,2025-06-09,2025-07-25,Ministry of Transport,Pune,46
GEM/2024/5147,Infosys Limited,Cloud Services,630198.8214462409,2025-05-11,2025-07-02,Ministry of Health,New Delhi,52
GEM/2024/5148,ITC Limited,Hardware Procurement,1449554.4110958294,2025-03-31,2025-04-17,Ministry of Electronics & IT,Pune,17
GEM/2024/5149,Bharat Electronics Limited,Maintenance & Support,565020.3728650215,2025-09-08,2025-12-21,Ministry of Finance,Hyderabad,104
GEM/2024/5150,Tata Consultancy Services,Software Development,10444714.287271839,2025-06-17,2025-10-08,Ministry of Electronics & IT,Lucknow,113
GEM/2024/5151,ITC Limited,IT Infrastructure,2422498.199264201,2025-01-14,2025-04-03,Ministry of Electronics & IT,Jaipur,79
GEM/2024/5152,Infosys Limited,Network Security,2592111.2853476764,2025-08-20,2025-08-29,Ministry of Education,Bangalore,9
GEM/2024/5153,Wipro Limited,Network Security,5963918.128411694,2025-10-22,2025-11-09,Ministry of Education,New Delhi,18
GEM/2024/5154,ITC Limited,Network Security,321467.6227876057,2025-06-06,2025-09-03,Ministry of Electronics & IT,Pune,89
GEM/2024/5155,Reliance Industries,Software Development,959103.98725101,2025-05-19,2025-08-05,Ministry of Electronics & IT,Lucknow,78
GEM/2024/5156,Larsen & Toubro Infotech,Digital Transformation,46613203.07055638,2025-08-11,2025-11-10,Ministry of Finance,Kolkata,91
GEM/2024/5157,Infosys Limited,Digital Transformation,820375.1236845711,2025-04-27,2025-07-14,Ministry of Transport,Mumbai,78
GEM/2024/5158,ITC Limited,Consulting Services,4669830.727422073,2024-11-16,2024-12-23,Ministry of Education,Mumbai,37
GEM/2024/5159,Adani Enterprises,Digital Transformation,100000.0,2025-04-22,2025-06-07,Ministry of Education,Pune,46
GEM/2024/5160,National IT Services,Software Development,1816769.345157195,2025-05-31,2025-07-09,Ministry of Health,Lucknow,39
GEM/2024/5161,National IT Services,Software Development,174610.9095754851,2025-07-11,2025-07-30,Ministry of Health,Pune,19
GEM/2024/5162,Reliance Industries,Digital Transformation,16154426.281414961,2025-07-26,2025-08-31,Ministry of Education,Kolkata,36
GEM/2024/5163,National IT Services,Maintenance & Support,627581.6467897919,2025-04-28,2025-05-07,Ministry of Finance,Mumbai,9
GEM/2024/5164,Tata Consultancy Services,Training & Development,4720852.168481573,2025-01-14,2025-02-04,Ministry of Education,Lucknow,21
GEM/2024/5165,ITC Limited,Maintenance & Support,558049.2141612457,2025-05-19,2025-07-03,Ministry of Health,Mumbai,45
GEM/2024/5166,Infosys Limited,Training & Development,3863572.8200418907,2025-09-28,2026-01-19,Ministry of Defence,Jaipur,113
GEM/2024/5167,Tech Mahindra,Network Security,6083608.357700229,2025-07-19,2025-07-31,Ministry of Finance,Pune,12
GEM/2024/5168,Wipro Limited,Cloud Services,4977828.192672031,2025-06-06,2025-06-15,Ministry of Transport,Ahmedabad,9
GEM/2024/5169,HCL Technologies,Network Security,679595.947877107,2025-01-30,2025-04-19,Ministry of Defence,Jaipur,79
GEM/2024/5170,Infosys Limited,Training & Development,269998.14262380544,2025-05-16,2025-06-16,Ministry of Electronics & IT,Kolkata,31
GEM/2024/5171,Medium Enterprise Solutions,Cloud Services,587683.5367937707,2025-06-16,2025-09-18,Ministry of Health,Kolkata,94
GEM/2024/5172,Medium Enterprise Solutions,Network Security,1258702.7240694708,2025-04-27,2025-07-19,Ministry of Transport,New Delhi,83
GEM/2024/5173,Digital India Corp,Consulting Services,639862.0403372926,2025-08-30,2025-12-10,Ministry of Defence,Bangalore,102
GEM/2024/5174,Larsen & Toubro Infotech,Maintenance & Support,4519332.228276361,2025-06-27,2025-08-05,Ministry of Health,Ahmedabad,39
GEM/2024/5175,Reliance Industries,Training & Development,387776.2813558817,2024-12-31,2025-03-06,Ministry of Transport,Lucknow,65
GEM/2024/5176,National IT Services,Training & Development,1652508.7888345513,2025-03-15,2025-07-06,Ministry of Health,Pune,113
GEM/2024/5177,Public Sector Undertaking IT,Software Development,27425174.952408444,2025-04-09,2025-05-24,Ministry of Education,Mumbai,45
GEM/2024/5178,Tata Consultancy Services,Training & Development,26587137.430398002,2024-12-18,2025-01-20,Ministry of Electronics & IT,Ahmedabad,33
GEM/2024/5179,ITC Limited,Consulting Services,4318643.311389343,2025-05-09,2025-07-18,Ministry of Finance,Bangalore,70
GEM/2024/5180,Medium Enterprise Solutions,Network Security,1543223.0604214685,2025-09-17,2025-10-21,Ministry of Transport,Hyderabad,34
GEM/2024/5181,Infosys Limited,Hardware Procurement,5823740.318899163,2025-10-20,2026-02-03,Ministry of Health,New Delhi,106
GEM/2024/5182,ITC Limited,Software Development,2550761.801059794,2024-11-24,2025-02-28,Ministry of Defence,Chennai,96
GEM/2024/5183,Small Scale Vendor Pvt Ltd,IT Infrastructure,3194365.6390012284,2024-11-09,2024-12-14,Ministry of Finance,Bangalore,35
GEM/2024/5184,Reliance Industries,Digital Transformation,1074115.6374478466,2025-02-09,2025-02-28,Ministry of Transport,Chennai,19
GEM/2024/5185,HCL Technologies,Cloud Services,353297.21475764335,2025-04-26,2025-07-19,Ministry of Health,Bangalore,84
GEM/2024/5186,Wipro Limited,Training & Development,2304101.095196217,2025-01-25,2025-02-06,Ministry of Transport,Bangalore,12
GEM/2024/5187,Public Sector Undertaking IT,Software Development,1089058.518230915,2024-12-30,2025-02-12,Ministry of Transport,Bangalore,44
GEM/2024/5188,Small Scale Vendor Pvt Ltd,Maintenance & Support,1295239.5462389067,2025-07-31,2025-11-22,Ministry of Education,Jaipur,114
GEM/2024/5189,Public Sector Undertaking IT,Software Development,956080.5035950844,2025-09-07,2025-09-21,Ministry of Education,Pune,14
GEM/2024/5190,Reliance Industries,Digital Transformation,21905292.21391678,2024-12-18,2025-01-08,Ministry of Electronics & IT,Chennai,21
GEM/2024/5191,Reliance Industries,Cloud Services,1661523.9193458108,2025-04-17,2025-06-10,Ministry of Finance,Kolkata,54
GEM/2024/5192,ITC Limited,Network Security,2787466.1438946244,2025-05-26,2025-08-21,Ministry of Defence,Mumbai,87
GEM/2024/5193,Small Scale Vendor Pvt Ltd,Training & Development,626169.2748876706,2025-02-05,2025-03-21,Ministry of Electronics & IT,Hyderabad,44
GEM/2024/5194,Medium Enterprise Solutions,Training & Development,1556572.7264473739,2024-12-13,2025-01-05,Ministry of Finance,Hyderabad,23
GEM/2024/5195,Adani Enterprises,Maintenance & Support,1922461.0302032412,2025-03-30,2025-05-08,Ministry of Defence,New Delhi,39
GEM/2024/5196,Larsen & Toubro Infotech,Digital Transformation,500659.41175267793,2025-01-18,2025-02-19,Ministry of Defence,Hyderabad,32
GEM/2024/5197,Infosys Limited,Digital Transformation,1248758.272025915,2025-04-25,2025-05-16,Ministry of Education,New Delhi,21
GEM/2024/5198,Reliance Industries,Software Development,1484469.4262099331,2025-06-13,2025-07-21,Ministry of Education,Ahmedabad,38
GEM/2024/5199,HCL Technologies,Digital Transformation,2900217.3756065,2025-10-16,2025-12-23,Ministry of Health,Chennai,68
GEM/2024/5200,Medium Enterprise Solutions,Software Development,10385123.515065493,2024-11-05,2024-12-22,Ministry of Finance,Pune,47
GEM/2024/5201,Wipro Limited,Consulting Services,3883468.465783973,2024-11-27,2025-01-17,Ministry of Finance,Chennai,51
GEM/2024/5202,Medium Enterprise Solutions,Software Development,2129065.9503994617,2025-08-17,2025-10-13,Ministry of Finance,Mumbai,57
GEM/2024/5203,ITC Limited,Training & Development,1750218.6056609883,2024-12-09,2025-03-21,Ministry of Health,Bangalore,102
GEM/2024/5204,Bharat Electronics Limited,IT Infrastructure,1008927.7581390908,2025-05-28,2025-09-08,Ministry of Finance,Kolkata,103
GEM/2024/5205,Tech Mahindra,Hardware Procurement,562632.0600633473,2024-11-26,2024-12-22,Ministry of Education,Chennai,26
GEM/2024/5206,Adani Enterprises,Network Security,26825605.768605728,2025-02-15,2025-03-29,Ministry of Defence,Chennai,42
GEM/2024/5207,Adani Enterprises,Consulting Services,1702149.8651903446,2025-07-22,2025-09-05,Ministry of Health,Lucknow,45
GEM/2024/5208,ITC Limited,Hardware Procurement,5264729.629057323,2025-10-23,2025-11-24,Ministry of Finance,Pune,32
GEM/2024/5209,Infosys Limited,Digital Transformation,4780670.440482936,2024-11-16,2025-02-08,Ministry of Transport,Kolkata,84
GEM/2024/5210,ITC Limited,Digital Transformation,1080218.6198514244,2025-02-21,2025-03-13,Ministry of Electronics & IT,Chennai,20
GEM/2024/5211,Small Scale Vendor Pvt Ltd,Training & Development,576106.6511586914,2025-09-24,2025-10-17,Ministry of Electronics & IT,Mumbai,23
GEM/2024/5212,Small Scale Vendor Pvt Ltd,Consulting Services,6694289.9874222,2025-09-01,2025-10-08,Ministry of Finance,Lucknow,37
GEM/2024/5213,Reliance Industries,IT Infrastructure,5596273.90463847,2025-09-30,2026-01-08,Ministry of Transport,Chennai,100
GEM/2024/5214,Tech Mahindra,Network Security,2164636.4531245884,2025-08-13,2025-12-04,Ministry of Education,Kolkata,113
GEM/2024/5215,ITC Limited,Cloud Services,1349374.6205198767,2025-03-02,2025-04-21,Ministry of Education,Chennai,50
GEM/2024/5216,National IT Services,IT Infrastructure,1119506.745640328,2024-11-22,2024-12-24,Ministry of Health,Hyderabad,32
GEM/2024/5217,Tata Consultancy Services,IT Infrastructure,1158663.5229659285,2024-12-31,2025-03-16,Ministry of Health,Lucknow,75
GEM/2024/5218,Reliance Industries,Software Development,743447.8288440864,2025-03-08,2025-06-20,Ministry of Transport,Jaipur,104
GEM/2024/5219,Small Scale Vendor Pvt Ltd,Software Development,103246.53740973244,2025-05-05,2025-08-30,Ministry of Education,Hyderabad,117
GEM/2024/5220,Tata Consultancy Services,Digital Transformation,3642507.2838636073,2024-11-10,2025-02-09,Ministry of Transport,Hyderabad,91
GEM/2024/5221,Infosys Limited,IT Infrastructure,425106.1038538985,2025-01-27,2025-03-21,Ministry of Defence,Lucknow,53
GEM/2024/5222,Digital India Corp,Hardware Procurement,1445218.580141631,2025-09-26,2025-12-30,Ministry of Electronics & IT,New Delhi,95
GEM/2024/5223,Tech Mahindra,Training & Development,1420855.3673480777,2025-03-24,2025-05-22,Ministry of Defence,Mumbai,59
GEM/2024/5224,Public Sector Undertaking IT,Training & Development,1127892.7800859418,2025-01-14,2025-04-07,Ministry of Health,Chennai,83
GEM/2024/5225,HCL Technologies,Cloud Services,1670715.2904126209,2025-02-12,2025-06-08,Ministry of Health,Hyderabad,116
GEM/2024/5226,Reliance Industries,Network Security,2649549.225843463,2025-09-08,2025-11-24,Ministry of Electronics & IT,Lucknow,77
GEM/2024/5227,Reliance Industries,IT Infrastructure,813071.6242136497,2025-09-14,2025-12-22,Ministry of Electronics & IT,New Delhi,99
GEM/2024/5228,Adani Enterprises,Software Development,888214.3331427873,2025-02-20,2025-05-15,Ministry of Finance,Jaipur,84
GEM/2024/5229,Infosys Limited,Cloud Services,1161585.7785223562,2025-08-11,2025-10-28,Ministry of Education,Kolkata,78
GEM/2024/5230,Small Scale Vendor Pvt Ltd,Digital Transformation,1315343.1760502963,2025-06-18,2025-07-09,Ministry of Finance,Mumbai,21
GEM/2024/5231,Small Scale Vendor Pvt Ltd,Digital Transformation,369019.9611072595,2024-11-23,2024-12-22,Ministry of Transport,Jaipur,29
GEM/2024/5232,Wipro Limited,Software Development,367068.1785181207,2025-03-23,2025-06-23,Ministry of Finance,Chennai,92
GEM/2024/5233,Small Scale Vendor Pvt Ltd,Consulting Services,5557908.311838729,2024-12-24,2025-04-19,Ministry of Defence,Chennai,116
GEM/2024/5234,Digital India Corp,Digital Transformation,587207.647366769,2025-01-31,2025-05-06,Ministry of Education,Lucknow,95
GEM/2024/5235,Public Sector Undertaking IT,Maintenance & Support,5715428.954724771,2025-04-10,2025-06-26,Ministry of Electronics & IT,Lucknow,77
GEM/2024/5236,Adani Enterprises,Digital Transformation,528278.340861692,2025-04-23,2025-06-13,Ministry of Finance,Hyderabad,51
GEM/2024/5237,Adani Enterprises,Training & Development,1034737.2393431335,2025-06-10,2025-06-25,Ministry of Defence,Ahmedabad,15
GEM/2024/5238,Adani Enterprises,Network Security,3795853.05798259,2025-05-29,2025-07-23,Ministry of Education,Mumbai,55
GEM/2024/5239,Bharat Electronics Limited,Training & Development,890106.1289752098,2025-02-10,2025-04-17,Ministry of Defence,Bangalore,66
GEM/2024/5240,Wipro Limited,Software Development,521598.2563700915,2025-04-26,2025-06-20,Ministry of Electronics & IT,Pune,55
GEM/2024/5241,Tech Mahindra,Consulting Services,10274227.445905272,2025-04-01,2025-05-25,Ministry of Education,Pune,54
GEM/2024/5242,Infosys Limited,Consulting Services,258603.69662388964,2025-07-14,2025-08-14,Ministry of Transport,Mumbai,31
GEM/2024/5243,Reliance Industries,IT Infrastructure,1571830.189774329,2025-03-07,2025-04-21,Ministry of Health,Pune,45
GEM/2024/5244,Bharat Electronics Limited,Hardware Procurement,3411316.4675977817,2025-02-12,2025-04-01,Ministry of Transport,New Delhi,48
GEM/2024/5245,Tata Consultancy Services,Cloud Services,715077.7867752071,2025-01-14,2025-01-28,Ministry of Electronics & IT,Pune,14
GEM/2024/5246,Small Scale Vendor Pvt Ltd,Network Security,1244299.735580683,2024-11-07,2024-12-27,Ministry of Finance,Ahmedabad,50
GEM/2024/5247,Wipro Limited,Cloud Services,556836.4052969343,2025-08-29,2025-11-01,Ministry of Finance,Mumbai,64
GEM/2024/5248,Medium Enterprise Solutions,Hardware Procurement,6404890.433963057,2025-07-24,2025-08-21,Ministry of Transport,Jaipur,28
GEM/2024/5249,Digital India Corp,Training & Development,1828522.8432173785,2025-02-16,2025-04-25,Ministry of Education,New Delhi,68
